filename,COUNT,pass
CBCVarKey128.rsp,0,1
CBCVarKey128.rsp,1,1
CBCVarKey128.rsp,2,1
CBCVarKey128.rsp,3,1
CBCVarKey128.rsp,4,1
CBCVarKey128.rsp,5,1
CBCVarKey128.rsp,6,1
CBCVarKey128.rsp,7,1
CBCVarKey128.rsp,8,1
CBCVarKey128.rsp,9,1
CBCVarKey128.rsp,10,1
CBCVarKey128.rsp,11,1
CBCVarKey128.rsp,12,1
CBCVarKey128.rsp,13,1
CBCVarKey128.rsp,14,1
CBCVarKey128.rsp,15,1
CBCVarKey128.rsp,16,1
CBCVarKey128.rsp,17,1
CBCVarKey128.rsp,18,1
CBCVarKey128.rsp,19,1
CBCVarKey128.rsp,20,1
CBCVarKey128.rsp,21,1
CBCVarKey128.rsp,22,1
CBCVarKey128.rsp,23,1
CBCVarKey128.rsp,24,1
CBCVarKey128.rsp,25,1
CBCVarKey128.rsp,26,1
CBCVarKey128.rsp,27,1
CBCVarKey128.rsp,28,1
CBCVarKey128.rsp,29,1
CBCVarKey128.rsp,30,1
CBCVarKey128.rsp,31,1
CBCVarKey128.rsp,32,1
CBCVarKey128.rsp,33,1
CBCVarKey128.rsp,34,1
CBCVarKey128.rsp,35,1
CBCVarKey128.rsp,36,1
CBCVarKey128.rsp,37,1
CBCVarKey128.rsp,38,1
CBCVarKey128.rsp,39,1
CBCVarKey128.rsp,40,1
CBCVarKey128.rsp,41,1
CBCVarKey128.rsp,42,1
CBCVarKey128.rsp,43,1
CBCVarKey128.rsp,44,1
CBCVarKey128.rsp,45,1
CBCVarKey128.rsp,46,1
CBCVarKey128.rsp,47,1
CBCVarKey128.rsp,48,1
CBCVarKey128.rsp,49,1
CBCVarKey128.rsp,50,1
CBCVarKey128.rsp,51,1
CBCVarKey128.rsp,52,1
CBCVarKey128.rsp,53,1
CBCVarKey128.rsp,54,1
CBCVarKey128.rsp,55,1
CBCVarKey128.rsp,56,1
CBCVarKey128.rsp,57,1
CBCVarKey128.rsp,58,1
CBCVarKey128.rsp,59,1
CBCVarKey128.rsp,60,1
CBCVarKey128.rsp,61,1
CBCVarKey128.rsp,62,1
CBCVarKey128.rsp,63,1
CBCVarKey128.rsp,64,1
CBCVarKey128.rsp,65,1
CBCVarKey128.rsp,66,1
CBCVarKey128.rsp,67,1
CBCVarKey128.rsp,68,1
CBCVarKey128.rsp,69,1
CBCVarKey128.rsp,70,1
CBCVarKey128.rsp,71,1
CBCVarKey128.rsp,72,1
CBCVarKey128.rsp,73,1
CBCVarKey128.rsp,74,1
CBCVarKey128.rsp,75,1
CBCVarKey128.rsp,76,1
CBCVarKey128.rsp,77,1
CBCVarKey128.rsp,78,1
CBCVarKey128.rsp,79,1
CBCVarKey128.rsp,80,1
CBCVarKey128.rsp,81,1
CBCVarKey128.rsp,82,1
CBCVarKey128.rsp,83,1
CBCVarKey128.rsp,84,1
CBCVarKey128.rsp,85,1
CBCVarKey128.rsp,86,1
CBCVarKey128.rsp,87,1
CBCVarKey128.rsp,88,1
CBCVarKey128.rsp,89,1
CBCVarKey128.rsp,90,1
CBCVarKey128.rsp,91,1
CBCVarKey128.rsp,92,1
CBCVarKey128.rsp,93,1
CBCVarKey128.rsp,94,1
CBCVarKey128.rsp,95,1
CBCVarKey128.rsp,96,1
CBCVarKey128.rsp,97,1
CBCVarKey128.rsp,98,1
CBCVarKey128.rsp,99,1
CBCVarKey128.rsp,100,1
CBCVarKey128.rsp,101,1
CBCVarKey128.rsp,102,1
CBCVarKey128.rsp,103,1
CBCVarKey128.rsp,104,1
CBCVarKey128.rsp,105,1
CBCVarKey128.rsp,106,1
CBCVarKey128.rsp,107,1
CBCVarKey128.rsp,108,1
CBCVarKey128.rsp,109,1
CBCVarKey128.rsp,110,1
CBCVarKey128.rsp,111,1
CBCVarKey128.rsp,112,1
CBCVarKey128.rsp,113,1
CBCVarKey128.rsp,114,1
CBCVarKey128.rsp,115,1
CBCVarKey128.rsp,116,1
CBCVarKey128.rsp,117,1
CBCVarKey128.rsp,118,1
CBCVarKey128.rsp,119,1
CBCVarKey128.rsp,120,1
CBCVarKey128.rsp,121,1
CBCVarKey128.rsp,122,1
CBCVarKey128.rsp,123,1
CBCVarKey128.rsp,124,1
CBCVarKey128.rsp,125,1
CBCVarKey128.rsp,126,1
CBCVarKey128.rsp,127,1
CBCVarKey128.rsp,0,1
CBCVarKey128.rsp,1,1
CBCVarKey128.rsp,2,1
CBCVarKey128.rsp,3,1
CBCVarKey128.rsp,4,1
CBCVarKey128.rsp,5,1
CBCVarKey128.rsp,6,1
CBCVarKey128.rsp,7,1
CBCVarKey128.rsp,8,1
CBCVarKey128.rsp,9,1
CBCVarKey128.rsp,10,1
CBCVarKey128.rsp,11,1
CBCVarKey128.rsp,12,1
CBCVarKey128.rsp,13,1
CBCVarKey128.rsp,14,1
CBCVarKey128.rsp,15,1
CBCVarKey128.rsp,16,1
CBCVarKey128.rsp,17,1
CBCVarKey128.rsp,18,1
CBCVarKey128.rsp,19,1
CBCVarKey128.rsp,20,1
CBCVarKey128.rsp,21,1
CBCVarKey128.rsp,22,1
CBCVarKey128.rsp,23,1
CBCVarKey128.rsp,24,1
CBCVarKey128.rsp,25,1
CBCVarKey128.rsp,26,1
CBCVarKey128.rsp,27,1
CBCVarKey128.rsp,28,1
CBCVarKey128.rsp,29,1
CBCVarKey128.rsp,30,1
CBCVarKey128.rsp,31,1
CBCVarKey128.rsp,32,1
CBCVarKey128.rsp,33,1
CBCVarKey128.rsp,34,1
CBCVarKey128.rsp,35,1
CBCVarKey128.rsp,36,1
CBCVarKey128.rsp,37,1
CBCVarKey128.rsp,38,1
CBCVarKey128.rsp,39,1
CBCVarKey128.rsp,40,1
CBCVarKey128.rsp,41,1
CBCVarKey128.rsp,42,1
CBCVarKey128.rsp,43,1
CBCVarKey128.rsp,44,1
CBCVarKey128.rsp,45,1
CBCVarKey128.rsp,46,1
CBCVarKey128.rsp,47,1
CBCVarKey128.rsp,48,1
CBCVarKey128.rsp,49,1
CBCVarKey128.rsp,50,1
CBCVarKey128.rsp,51,1
CBCVarKey128.rsp,52,1
CBCVarKey128.rsp,53,1
CBCVarKey128.rsp,54,1
CBCVarKey128.rsp,55,1
CBCVarKey128.rsp,56,1
CBCVarKey128.rsp,57,1
CBCVarKey128.rsp,58,1
CBCVarKey128.rsp,59,1
CBCVarKey128.rsp,60,1
CBCVarKey128.rsp,61,1
CBCVarKey128.rsp,62,1
CBCVarKey128.rsp,63,1
CBCVarKey128.rsp,64,1
CBCVarKey128.rsp,65,1
CBCVarKey128.rsp,66,1
CBCVarKey128.rsp,67,1
CBCVarKey128.rsp,68,1
CBCVarKey128.rsp,69,1
CBCVarKey128.rsp,70,1
CBCVarKey128.rsp,71,1
CBCVarKey128.rsp,72,1
CBCVarKey128.rsp,73,1
CBCVarKey128.rsp,74,1
CBCVarKey128.rsp,75,1
CBCVarKey128.rsp,76,1
CBCVarKey128.rsp,77,1
CBCVarKey128.rsp,78,1
CBCVarKey128.rsp,79,1
CBCVarKey128.rsp,80,1
CBCVarKey128.rsp,81,1
CBCVarKey128.rsp,82,1
CBCVarKey128.rsp,83,1
CBCVarKey128.rsp,84,1
CBCVarKey128.rsp,85,1
CBCVarKey128.rsp,86,1
CBCVarKey128.rsp,87,1
CBCVarKey128.rsp,88,1
CBCVarKey128.rsp,89,1
CBCVarKey128.rsp,90,1
CBCVarKey128.rsp,91,1
CBCVarKey128.rsp,92,1
CBCVarKey128.rsp,93,1
CBCVarKey128.rsp,94,1
CBCVarKey128.rsp,95,1
CBCVarKey128.rsp,96,1
CBCVarKey128.rsp,97,1
CBCVarKey128.rsp,98,1
CBCVarKey128.rsp,99,1
CBCVarKey128.rsp,100,1
CBCVarKey128.rsp,101,1
CBCVarKey128.rsp,102,1
CBCVarKey128.rsp,103,1
CBCVarKey128.rsp,104,1
CBCVarKey128.rsp,105,1
CBCVarKey128.rsp,106,1
CBCVarKey128.rsp,107,1
CBCVarKey128.rsp,108,1
CBCVarKey128.rsp,109,1
CBCVarKey128.rsp,110,1
CBCVarKey128.rsp,111,1
CBCVarKey128.rsp,112,1
CBCVarKey128.rsp,113,1
CBCVarKey128.rsp,114,1
CBCVarKey128.rsp,115,1
CBCVarKey128.rsp,116,1
CBCVarKey128.rsp,117,1
CBCVarKey128.rsp,118,1
CBCVarKey128.rsp,119,1
CBCVarKey128.rsp,120,1
CBCVarKey128.rsp,121,1
CBCVarKey128.rsp,122,1
CBCVarKey128.rsp,123,1
CBCVarKey128.rsp,124,1
CBCVarKey128.rsp,125,1
CBCVarKey128.rsp,126,1
CBCVarKey128.rsp,127,1
CBCVarKey192.rsp,0,1
CBCVarKey192.rsp,1,1
CBCVarKey192.rsp,2,1
CBCVarKey192.rsp,3,1
CBCVarKey192.rsp,4,1
CBCVarKey192.rsp,5,1
CBCVarKey192.rsp,6,1
CBCVarKey192.rsp,7,1
CBCVarKey192.rsp,8,1
CBCVarKey192.rsp,9,1
CBCVarKey192.rsp,10,1
CBCVarKey192.rsp,11,1
CBCVarKey192.rsp,12,1
CBCVarKey192.rsp,13,1
CBCVarKey192.rsp,14,1
CBCVarKey192.rsp,15,1
CBCVarKey192.rsp,16,1
CBCVarKey192.rsp,17,1
CBCVarKey192.rsp,18,1
CBCVarKey192.rsp,19,1
CBCVarKey192.rsp,20,1
CBCVarKey192.rsp,21,1
CBCVarKey192.rsp,22,1
CBCVarKey192.rsp,23,1
CBCVarKey192.rsp,24,1
CBCVarKey192.rsp,25,1
CBCVarKey192.rsp,26,1
CBCVarKey192.rsp,27,1
CBCVarKey192.rsp,28,1
CBCVarKey192.rsp,29,1
CBCVarKey192.rsp,30,1
CBCVarKey192.rsp,31,1
CBCVarKey192.rsp,32,1
CBCVarKey192.rsp,33,1
CBCVarKey192.rsp,34,1
CBCVarKey192.rsp,35,1
CBCVarKey192.rsp,36,1
CBCVarKey192.rsp,37,1
CBCVarKey192.rsp,38,1
CBCVarKey192.rsp,39,1
CBCVarKey192.rsp,40,1
CBCVarKey192.rsp,41,1
CBCVarKey192.rsp,42,1
CBCVarKey192.rsp,43,1
CBCVarKey192.rsp,44,1
CBCVarKey192.rsp,45,1
CBCVarKey192.rsp,46,1
CBCVarKey192.rsp,47,1
CBCVarKey192.rsp,48,1
CBCVarKey192.rsp,49,1
CBCVarKey192.rsp,50,1
CBCVarKey192.rsp,51,1
CBCVarKey192.rsp,52,1
CBCVarKey192.rsp,53,1
CBCVarKey192.rsp,54,1
CBCVarKey192.rsp,55,1
CBCVarKey192.rsp,56,1
CBCVarKey192.rsp,57,1
CBCVarKey192.rsp,58,1
CBCVarKey192.rsp,59,1
CBCVarKey192.rsp,60,1
CBCVarKey192.rsp,61,1
CBCVarKey192.rsp,62,1
CBCVarKey192.rsp,63,1
CBCVarKey192.rsp,64,1
CBCVarKey192.rsp,65,1
CBCVarKey192.rsp,66,1
CBCVarKey192.rsp,67,1
CBCVarKey192.rsp,68,1
CBCVarKey192.rsp,69,1
CBCVarKey192.rsp,70,1
CBCVarKey192.rsp,71,1
CBCVarKey192.rsp,72,1
CBCVarKey192.rsp,73,1
CBCVarKey192.rsp,74,1
CBCVarKey192.rsp,75,1
CBCVarKey192.rsp,76,1
CBCVarKey192.rsp,77,1
CBCVarKey192.rsp,78,1
CBCVarKey192.rsp,79,1
CBCVarKey192.rsp,80,1
CBCVarKey192.rsp,81,1
CBCVarKey192.rsp,82,1
CBCVarKey192.rsp,83,1
CBCVarKey192.rsp,84,1
CBCVarKey192.rsp,85,1
CBCVarKey192.rsp,86,1
CBCVarKey192.rsp,87,1
CBCVarKey192.rsp,88,1
CBCVarKey192.rsp,89,1
CBCVarKey192.rsp,90,1
CBCVarKey192.rsp,91,1
CBCVarKey192.rsp,92,1
CBCVarKey192.rsp,93,1
CBCVarKey192.rsp,94,1
CBCVarKey192.rsp,95,1
CBCVarKey192.rsp,96,1
CBCVarKey192.rsp,97,1
CBCVarKey192.rsp,98,1
CBCVarKey192.rsp,99,1
CBCVarKey192.rsp,100,1
CBCVarKey192.rsp,101,1
CBCVarKey192.rsp,102,1
CBCVarKey192.rsp,103,1
CBCVarKey192.rsp,104,1
CBCVarKey192.rsp,105,1
CBCVarKey192.rsp,106,1
CBCVarKey192.rsp,107,1
CBCVarKey192.rsp,108,1
CBCVarKey192.rsp,109,1
CBCVarKey192.rsp,110,1
CBCVarKey192.rsp,111,1
CBCVarKey192.rsp,112,1
CBCVarKey192.rsp,113,1
CBCVarKey192.rsp,114,1
CBCVarKey192.rsp,115,1
CBCVarKey192.rsp,116,1
CBCVarKey192.rsp,117,1
CBCVarKey192.rsp,118,1
CBCVarKey192.rsp,119,1
CBCVarKey192.rsp,120,1
CBCVarKey192.rsp,121,1
CBCVarKey192.rsp,122,1
CBCVarKey192.rsp,123,1
CBCVarKey192.rsp,124,1
CBCVarKey192.rsp,125,1
CBCVarKey192.rsp,126,1
CBCVarKey192.rsp,127,1
CBCVarKey192.rsp,128,1
CBCVarKey192.rsp,129,1
CBCVarKey192.rsp,130,1
CBCVarKey192.rsp,131,1
CBCVarKey192.rsp,132,1
CBCVarKey192.rsp,133,1
CBCVarKey192.rsp,134,1
CBCVarKey192.rsp,135,1
CBCVarKey192.rsp,136,1
CBCVarKey192.rsp,137,1
CBCVarKey192.rsp,138,1
CBCVarKey192.rsp,139,1
CBCVarKey192.rsp,140,1
CBCVarKey192.rsp,141,1
CBCVarKey192.rsp,142,1
CBCVarKey192.rsp,143,1
CBCVarKey192.rsp,144,1
CBCVarKey192.rsp,145,1
CBCVarKey192.rsp,146,1
CBCVarKey192.rsp,147,1
CBCVarKey192.rsp,148,1
CBCVarKey192.rsp,149,1
CBCVarKey192.rsp,150,1
CBCVarKey192.rsp,151,1
CBCVarKey192.rsp,152,1
CBCVarKey192.rsp,153,1
CBCVarKey192.rsp,154,1
CBCVarKey192.rsp,155,1
CBCVarKey192.rsp,156,1
CBCVarKey192.rsp,157,1
CBCVarKey192.rsp,158,1
CBCVarKey192.rsp,159,1
CBCVarKey192.rsp,160,1
CBCVarKey192.rsp,161,1
CBCVarKey192.rsp,162,1
CBCVarKey192.rsp,163,1
CBCVarKey192.rsp,164,1
CBCVarKey192.rsp,165,1
CBCVarKey192.rsp,166,1
CBCVarKey192.rsp,167,1
CBCVarKey192.rsp,168,1
CBCVarKey192.rsp,169,1
CBCVarKey192.rsp,170,1
CBCVarKey192.rsp,171,1
CBCVarKey192.rsp,172,1
CBCVarKey192.rsp,173,1
CBCVarKey192.rsp,174,1
CBCVarKey192.rsp,175,1
CBCVarKey192.rsp,176,1
CBCVarKey192.rsp,177,1
CBCVarKey192.rsp,178,1
CBCVarKey192.rsp,179,1
CBCVarKey192.rsp,180,1
CBCVarKey192.rsp,181,1
CBCVarKey192.rsp,182,1
CBCVarKey192.rsp,183,1
CBCVarKey192.rsp,184,1
CBCVarKey192.rsp,185,1
CBCVarKey192.rsp,186,1
CBCVarKey192.rsp,187,1
CBCVarKey192.rsp,188,1
CBCVarKey192.rsp,189,1
CBCVarKey192.rsp,190,1
CBCVarKey192.rsp,191,1
CBCVarKey192.rsp,0,1
CBCVarKey192.rsp,1,1
CBCVarKey192.rsp,2,1
CBCVarKey192.rsp,3,1
CBCVarKey192.rsp,4,1
CBCVarKey192.rsp,5,1
CBCVarKey192.rsp,6,1
CBCVarKey192.rsp,7,1
CBCVarKey192.rsp,8,1
CBCVarKey192.rsp,9,1
CBCVarKey192.rsp,10,1
CBCVarKey192.rsp,11,1
CBCVarKey192.rsp,12,1
CBCVarKey192.rsp,13,1
CBCVarKey192.rsp,14,1
CBCVarKey192.rsp,15,1
CBCVarKey192.rsp,16,1
CBCVarKey192.rsp,17,1
CBCVarKey192.rsp,18,1
CBCVarKey192.rsp,19,1
CBCVarKey192.rsp,20,1
CBCVarKey192.rsp,21,1
CBCVarKey192.rsp,22,1
CBCVarKey192.rsp,23,1
CBCVarKey192.rsp,24,1
CBCVarKey192.rsp,25,1
CBCVarKey192.rsp,26,1
CBCVarKey192.rsp,27,1
CBCVarKey192.rsp,28,1
CBCVarKey192.rsp,29,1
CBCVarKey192.rsp,30,1
CBCVarKey192.rsp,31,1
CBCVarKey192.rsp,32,1
CBCVarKey192.rsp,33,1
CBCVarKey192.rsp,34,1
CBCVarKey192.rsp,35,1
CBCVarKey192.rsp,36,1
CBCVarKey192.rsp,37,1
CBCVarKey192.rsp,38,1
CBCVarKey192.rsp,39,1
CBCVarKey192.rsp,40,1
CBCVarKey192.rsp,41,1
CBCVarKey192.rsp,42,1
CBCVarKey192.rsp,43,1
CBCVarKey192.rsp,44,1
CBCVarKey192.rsp,45,1
CBCVarKey192.rsp,46,1
CBCVarKey192.rsp,47,1
CBCVarKey192.rsp,48,1
CBCVarKey192.rsp,49,1
CBCVarKey192.rsp,50,1
CBCVarKey192.rsp,51,1
CBCVarKey192.rsp,52,1
CBCVarKey192.rsp,53,1
CBCVarKey192.rsp,54,1
CBCVarKey192.rsp,55,1
CBCVarKey192.rsp,56,1
CBCVarKey192.rsp,57,1
CBCVarKey192.rsp,58,1
CBCVarKey192.rsp,59,1
CBCVarKey192.rsp,60,1
CBCVarKey192.rsp,61,1
CBCVarKey192.rsp,62,1
CBCVarKey192.rsp,63,1
CBCVarKey192.rsp,64,1
CBCVarKey192.rsp,65,1
CBCVarKey192.rsp,66,1
CBCVarKey192.rsp,67,1
CBCVarKey192.rsp,68,1
CBCVarKey192.rsp,69,1
CBCVarKey192.rsp,70,1
CBCVarKey192.rsp,71,1
CBCVarKey192.rsp,72,1
CBCVarKey192.rsp,73,1
CBCVarKey192.rsp,74,1
CBCVarKey192.rsp,75,1
CBCVarKey192.rsp,76,1
CBCVarKey192.rsp,77,1
CBCVarKey192.rsp,78,1
CBCVarKey192.rsp,79,1
CBCVarKey192.rsp,80,1
CBCVarKey192.rsp,81,1
CBCVarKey192.rsp,82,1
CBCVarKey192.rsp,83,1
CBCVarKey192.rsp,84,1
CBCVarKey192.rsp,85,1
CBCVarKey192.rsp,86,1
CBCVarKey192.rsp,87,1
CBCVarKey192.rsp,88,1
CBCVarKey192.rsp,89,1
CBCVarKey192.rsp,90,1
CBCVarKey192.rsp,91,1
CBCVarKey192.rsp,92,1
CBCVarKey192.rsp,93,1
CBCVarKey192.rsp,94,1
CBCVarKey192.rsp,95,1
CBCVarKey192.rsp,96,1
CBCVarKey192.rsp,97,1
CBCVarKey192.rsp,98,1
CBCVarKey192.rsp,99,1
CBCVarKey192.rsp,100,1
CBCVarKey192.rsp,101,1
CBCVarKey192.rsp,102,1
CBCVarKey192.rsp,103,1
CBCVarKey192.rsp,104,1
CBCVarKey192.rsp,105,1
CBCVarKey192.rsp,106,1
CBCVarKey192.rsp,107,1
CBCVarKey192.rsp,108,1
CBCVarKey192.rsp,109,1
CBCVarKey192.rsp,110,1
CBCVarKey192.rsp,111,1
CBCVarKey192.rsp,112,1
CBCVarKey192.rsp,113,1
CBCVarKey192.rsp,114,1
CBCVarKey192.rsp,115,1
CBCVarKey192.rsp,116,1
CBCVarKey192.rsp,117,1
CBCVarKey192.rsp,118,1
CBCVarKey192.rsp,119,1
CBCVarKey192.rsp,120,1
CBCVarKey192.rsp,121,1
CBCVarKey192.rsp,122,1
CBCVarKey192.rsp,123,1
CBCVarKey192.rsp,124,1
CBCVarKey192.rsp,125,1
CBCVarKey192.rsp,126,1
CBCVarKey192.rsp,127,1
CBCVarKey192.rsp,128,1
CBCVarKey192.rsp,129,1
CBCVarKey192.rsp,130,1
CBCVarKey192.rsp,131,1
CBCVarKey192.rsp,132,1
CBCVarKey192.rsp,133,1
CBCVarKey192.rsp,134,1
CBCVarKey192.rsp,135,1
CBCVarKey192.rsp,136,1
CBCVarKey192.rsp,137,1
CBCVarKey192.rsp,138,1
CBCVarKey192.rsp,139,1
CBCVarKey192.rsp,140,1
CBCVarKey192.rsp,141,1
CBCVarKey192.rsp,142,1
CBCVarKey192.rsp,143,1
CBCVarKey192.rsp,144,1
CBCVarKey192.rsp,145,1
CBCVarKey192.rsp,146,1
CBCVarKey192.rsp,147,1
CBCVarKey192.rsp,148,1
CBCVarKey192.rsp,149,1
CBCVarKey192.rsp,150,1
CBCVarKey192.rsp,151,1
CBCVarKey192.rsp,152,1
CBCVarKey192.rsp,153,1
CBCVarKey192.rsp,154,1
CBCVarKey192.rsp,155,1
CBCVarKey192.rsp,156,1
CBCVarKey192.rsp,157,1
CBCVarKey192.rsp,158,1
CBCVarKey192.rsp,159,1
CBCVarKey192.rsp,160,1
CBCVarKey192.rsp,161,1
CBCVarKey192.rsp,162,1
CBCVarKey192.rsp,163,1
CBCVarKey192.rsp,164,1
CBCVarKey192.rsp,165,1
CBCVarKey192.rsp,166,1
CBCVarKey192.rsp,167,1
CBCVarKey192.rsp,168,1
CBCVarKey192.rsp,169,1
CBCVarKey192.rsp,170,1
CBCVarKey192.rsp,171,1
CBCVarKey192.rsp,172,1
CBCVarKey192.rsp,173,1
CBCVarKey192.rsp,174,1
CBCVarKey192.rsp,175,1
CBCVarKey192.rsp,176,1
CBCVarKey192.rsp,177,1
CBCVarKey192.rsp,178,1
CBCVarKey192.rsp,179,1
CBCVarKey192.rsp,180,1
CBCVarKey192.rsp,181,1
CBCVarKey192.rsp,182,1
CBCVarKey192.rsp,183,1
CBCVarKey192.rsp,184,1
CBCVarKey192.rsp,185,1
CBCVarKey192.rsp,186,1
CBCVarKey192.rsp,187,1
CBCVarKey192.rsp,188,1
CBCVarKey192.rsp,189,1
CBCVarKey192.rsp,190,1
CBCVarKey192.rsp,191,1
CBCVarKey256.rsp,0,1
CBCVarKey256.rsp,1,1
CBCVarKey256.rsp,2,1
CBCVarKey256.rsp,3,1
CBCVarKey256.rsp,4,1
CBCVarKey256.rsp,5,1
CBCVarKey256.rsp,6,1
CBCVarKey256.rsp,7,1
CBCVarKey256.rsp,8,1
CBCVarKey256.rsp,9,1
CBCVarKey256.rsp,10,1
CBCVarKey256.rsp,11,1
CBCVarKey256.rsp,12,1
CBCVarKey256.rsp,13,1
CBCVarKey256.rsp,14,1
CBCVarKey256.rsp,15,1
CBCVarKey256.rsp,16,1
CBCVarKey256.rsp,17,1
CBCVarKey256.rsp,18,1
CBCVarKey256.rsp,19,1
CBCVarKey256.rsp,20,1
CBCVarKey256.rsp,21,1
CBCVarKey256.rsp,22,1
CBCVarKey256.rsp,23,1
CBCVarKey256.rsp,24,1
CBCVarKey256.rsp,25,1
CBCVarKey256.rsp,26,1
CBCVarKey256.rsp,27,1
CBCVarKey256.rsp,28,1
CBCVarKey256.rsp,29,1
CBCVarKey256.rsp,30,1
CBCVarKey256.rsp,31,1
CBCVarKey256.rsp,32,1
CBCVarKey256.rsp,33,1
CBCVarKey256.rsp,34,1
CBCVarKey256.rsp,35,1
CBCVarKey256.rsp,36,1
CBCVarKey256.rsp,37,1
CBCVarKey256.rsp,38,1
CBCVarKey256.rsp,39,1
CBCVarKey256.rsp,40,1
CBCVarKey256.rsp,41,1
CBCVarKey256.rsp,42,1
CBCVarKey256.rsp,43,1
CBCVarKey256.rsp,44,1
CBCVarKey256.rsp,45,1
CBCVarKey256.rsp,46,1
CBCVarKey256.rsp,47,1
CBCVarKey256.rsp,48,1
CBCVarKey256.rsp,49,1
CBCVarKey256.rsp,50,1
CBCVarKey256.rsp,51,1
CBCVarKey256.rsp,52,1
CBCVarKey256.rsp,53,1
CBCVarKey256.rsp,54,1
CBCVarKey256.rsp,55,1
CBCVarKey256.rsp,56,1
CBCVarKey256.rsp,57,1
CBCVarKey256.rsp,58,1
CBCVarKey256.rsp,59,1
CBCVarKey256.rsp,60,1
CBCVarKey256.rsp,61,1
CBCVarKey256.rsp,62,1
CBCVarKey256.rsp,63,1
CBCVarKey256.rsp,64,1
CBCVarKey256.rsp,65,1
CBCVarKey256.rsp,66,1
CBCVarKey256.rsp,67,1
CBCVarKey256.rsp,68,1
CBCVarKey256.rsp,69,1
CBCVarKey256.rsp,70,1
CBCVarKey256.rsp,71,1
CBCVarKey256.rsp,72,1
CBCVarKey256.rsp,73,1
CBCVarKey256.rsp,74,1
CBCVarKey256.rsp,75,1
CBCVarKey256.rsp,76,1
CBCVarKey256.rsp,77,1
CBCVarKey256.rsp,78,1
CBCVarKey256.rsp,79,1
CBCVarKey256.rsp,80,1
CBCVarKey256.rsp,81,1
CBCVarKey256.rsp,82,1
CBCVarKey256.rsp,83,1
CBCVarKey256.rsp,84,1
CBCVarKey256.rsp,85,1
CBCVarKey256.rsp,86,1
CBCVarKey256.rsp,87,1
CBCVarKey256.rsp,88,1
CBCVarKey256.rsp,89,1
CBCVarKey256.rsp,90,1
CBCVarKey256.rsp,91,1
CBCVarKey256.rsp,92,1
CBCVarKey256.rsp,93,1
CBCVarKey256.rsp,94,1
CBCVarKey256.rsp,95,1
CBCVarKey256.rsp,96,1
CBCVarKey256.rsp,97,1
CBCVarKey256.rsp,98,1
CBCVarKey256.rsp,99,1
CBCVarKey256.rsp,100,1
CBCVarKey256.rsp,101,1
CBCVarKey256.rsp,102,1
CBCVarKey256.rsp,103,1
CBCVarKey256.rsp,104,1
CBCVarKey256.rsp,105,1
CBCVarKey256.rsp,106,1
CBCVarKey256.rsp,107,1
CBCVarKey256.rsp,108,1
CBCVarKey256.rsp,109,1
CBCVarKey256.rsp,110,1
CBCVarKey256.rsp,111,1
CBCVarKey256.rsp,112,1
CBCVarKey256.rsp,113,1
CBCVarKey256.rsp,114,1
CBCVarKey256.rsp,115,1
CBCVarKey256.rsp,116,1
CBCVarKey256.rsp,117,1
CBCVarKey256.rsp,118,1
CBCVarKey256.rsp,119,1
CBCVarKey256.rsp,120,1
CBCVarKey256.rsp,121,1
CBCVarKey256.rsp,122,1
CBCVarKey256.rsp,123,1
CBCVarKey256.rsp,124,1
CBCVarKey256.rsp,125,1
CBCVarKey256.rsp,126,1
CBCVarKey256.rsp,127,1
CBCVarKey256.rsp,128,1
CBCVarKey256.rsp,129,1
CBCVarKey256.rsp,130,1
CBCVarKey256.rsp,131,1
CBCVarKey256.rsp,132,1
CBCVarKey256.rsp,133,1
CBCVarKey256.rsp,134,1
CBCVarKey256.rsp,135,1
CBCVarKey256.rsp,136,1
CBCVarKey256.rsp,137,1
CBCVarKey256.rsp,138,1
CBCVarKey256.rsp,139,1
CBCVarKey256.rsp,140,1
CBCVarKey256.rsp,141,1
CBCVarKey256.rsp,142,1
CBCVarKey256.rsp,143,1
CBCVarKey256.rsp,144,1
CBCVarKey256.rsp,145,1
CBCVarKey256.rsp,146,1
CBCVarKey256.rsp,147,1
CBCVarKey256.rsp,148,1
CBCVarKey256.rsp,149,1
CBCVarKey256.rsp,150,1
CBCVarKey256.rsp,151,1
CBCVarKey256.rsp,152,1
CBCVarKey256.rsp,153,1
CBCVarKey256.rsp,154,1
CBCVarKey256.rsp,155,1
CBCVarKey256.rsp,156,1
CBCVarKey256.rsp,157,1
CBCVarKey256.rsp,158,1
CBCVarKey256.rsp,159,1
CBCVarKey256.rsp,160,1
CBCVarKey256.rsp,161,1
CBCVarKey256.rsp,162,1
CBCVarKey256.rsp,163,1
CBCVarKey256.rsp,164,1
CBCVarKey256.rsp,165,1
CBCVarKey256.rsp,166,1
CBCVarKey256.rsp,167,1
CBCVarKey256.rsp,168,1
CBCVarKey256.rsp,169,1
CBCVarKey256.rsp,170,1
CBCVarKey256.rsp,171,1
CBCVarKey256.rsp,172,1
CBCVarKey256.rsp,173,1
CBCVarKey256.rsp,174,1
CBCVarKey256.rsp,175,1
CBCVarKey256.rsp,176,1
CBCVarKey256.rsp,177,1
CBCVarKey256.rsp,178,1
CBCVarKey256.rsp,179,1
CBCVarKey256.rsp,180,1
CBCVarKey256.rsp,181,1
CBCVarKey256.rsp,182,1
CBCVarKey256.rsp,183,1
CBCVarKey256.rsp,184,1
CBCVarKey256.rsp,185,1
CBCVarKey256.rsp,186,1
CBCVarKey256.rsp,187,1
CBCVarKey256.rsp,188,1
CBCVarKey256.rsp,189,1
CBCVarKey256.rsp,190,1
CBCVarKey256.rsp,191,1
CBCVarKey256.rsp,192,1
CBCVarKey256.rsp,193,1
CBCVarKey256.rsp,194,1
CBCVarKey256.rsp,195,1
CBCVarKey256.rsp,196,1
CBCVarKey256.rsp,197,1
CBCVarKey256.rsp,198,1
CBCVarKey256.rsp,199,1
CBCVarKey256.rsp,200,1
CBCVarKey256.rsp,201,1
CBCVarKey256.rsp,202,1
CBCVarKey256.rsp,203,1
CBCVarKey256.rsp,204,1
CBCVarKey256.rsp,205,1
CBCVarKey256.rsp,206,1
CBCVarKey256.rsp,207,1
CBCVarKey256.rsp,208,1
CBCVarKey256.rsp,209,1
CBCVarKey256.rsp,210,1
CBCVarKey256.rsp,211,1
CBCVarKey256.rsp,212,1
CBCVarKey256.rsp,213,1
CBCVarKey256.rsp,214,1
CBCVarKey256.rsp,215,1
CBCVarKey256.rsp,216,1
CBCVarKey256.rsp,217,1
CBCVarKey256.rsp,218,1
CBCVarKey256.rsp,219,1
CBCVarKey256.rsp,220,1
CBCVarKey256.rsp,221,1
CBCVarKey256.rsp,222,1
CBCVarKey256.rsp,223,1
CBCVarKey256.rsp,224,1
CBCVarKey256.rsp,225,1
CBCVarKey256.rsp,226,1
CBCVarKey256.rsp,227,1
CBCVarKey256.rsp,228,1
CBCVarKey256.rsp,229,1
CBCVarKey256.rsp,230,1
CBCVarKey256.rsp,231,1
CBCVarKey256.rsp,232,1
CBCVarKey256.rsp,233,1
CBCVarKey256.rsp,234,1
CBCVarKey256.rsp,235,1
CBCVarKey256.rsp,236,1
CBCVarKey256.rsp,237,1
CBCVarKey256.rsp,238,1
CBCVarKey256.rsp,239,1
CBCVarKey256.rsp,240,1
CBCVarKey256.rsp,241,1
CBCVarKey256.rsp,242,1
CBCVarKey256.rsp,243,1
CBCVarKey256.rsp,244,1
CBCVarKey256.rsp,245,1
CBCVarKey256.rsp,246,1
CBCVarKey256.rsp,247,1
CBCVarKey256.rsp,248,1
CBCVarKey256.rsp,249,1
CBCVarKey256.rsp,250,1
CBCVarKey256.rsp,251,1
CBCVarKey256.rsp,252,1
CBCVarKey256.rsp,253,1
CBCVarKey256.rsp,254,1
CBCVarKey256.rsp,255,1
CBCVarKey256.rsp,0,1
CBCVarKey256.rsp,1,1
CBCVarKey256.rsp,2,1
CBCVarKey256.rsp,3,1
CBCVarKey256.rsp,4,1
CBCVarKey256.rsp,5,1
CBCVarKey256.rsp,6,1
CBCVarKey256.rsp,7,1
CBCVarKey256.rsp,8,1
CBCVarKey256.rsp,9,1
CBCVarKey256.rsp,10,1
CBCVarKey256.rsp,11,1
CBCVarKey256.rsp,12,1
CBCVarKey256.rsp,13,1
CBCVarKey256.rsp,14,1
CBCVarKey256.rsp,15,1
CBCVarKey256.rsp,16,1
CBCVarKey256.rsp,17,1
CBCVarKey256.rsp,18,1
CBCVarKey256.rsp,19,1
CBCVarKey256.rsp,20,1
CBCVarKey256.rsp,21,1
CBCVarKey256.rsp,22,1
CBCVarKey256.rsp,23,1
CBCVarKey256.rsp,24,1
CBCVarKey256.rsp,25,1
CBCVarKey256.rsp,26,1
CBCVarKey256.rsp,27,1
CBCVarKey256.rsp,28,1
CBCVarKey256.rsp,29,1
CBCVarKey256.rsp,30,1
CBCVarKey256.rsp,31,1
CBCVarKey256.rsp,32,1
CBCVarKey256.rsp,33,1
CBCVarKey256.rsp,34,1
CBCVarKey256.rsp,35,1
CBCVarKey256.rsp,36,1
CBCVarKey256.rsp,37,1
CBCVarKey256.rsp,38,1
CBCVarKey256.rsp,39,1
CBCVarKey256.rsp,40,1
CBCVarKey256.rsp,41,1
CBCVarKey256.rsp,42,1
CBCVarKey256.rsp,43,1
CBCVarKey256.rsp,44,1
CBCVarKey256.rsp,45,1
CBCVarKey256.rsp,46,1
CBCVarKey256.rsp,47,1
CBCVarKey256.rsp,48,1
CBCVarKey256.rsp,49,1
CBCVarKey256.rsp,50,1
CBCVarKey256.rsp,51,1
CBCVarKey256.rsp,52,1
CBCVarKey256.rsp,53,1
CBCVarKey256.rsp,54,1
CBCVarKey256.rsp,55,1
CBCVarKey256.rsp,56,1
CBCVarKey256.rsp,57,1
CBCVarKey256.rsp,58,1
CBCVarKey256.rsp,59,1
CBCVarKey256.rsp,60,1
CBCVarKey256.rsp,61,1
CBCVarKey256.rsp,62,1
CBCVarKey256.rsp,63,1
CBCVarKey256.rsp,64,1
CBCVarKey256.rsp,65,1
CBCVarKey256.rsp,66,1
CBCVarKey256.rsp,67,1
CBCVarKey256.rsp,68,1
CBCVarKey256.rsp,69,1
CBCVarKey256.rsp,70,1
CBCVarKey256.rsp,71,1
CBCVarKey256.rsp,72,1
CBCVarKey256.rsp,73,1
CBCVarKey256.rsp,74,1
CBCVarKey256.rsp,75,1
CBCVarKey256.rsp,76,1
CBCVarKey256.rsp,77,1
CBCVarKey256.rsp,78,1
CBCVarKey256.rsp,79,1
CBCVarKey256.rsp,80,1
CBCVarKey256.rsp,81,1
CBCVarKey256.rsp,82,1
CBCVarKey256.rsp,83,1
CBCVarKey256.rsp,84,1
CBCVarKey256.rsp,85,1
CBCVarKey256.rsp,86,1
CBCVarKey256.rsp,87,1
CBCVarKey256.rsp,88,1
CBCVarKey256.rsp,89,1
CBCVarKey256.rsp,90,1
CBCVarKey256.rsp,91,1
CBCVarKey256.rsp,92,1
CBCVarKey256.rsp,93,1
CBCVarKey256.rsp,94,1
CBCVarKey256.rsp,95,1
CBCVarKey256.rsp,96,1
CBCVarKey256.rsp,97,1
CBCVarKey256.rsp,98,1
CBCVarKey256.rsp,99,1
CBCVarKey256.rsp,100,1
CBCVarKey256.rsp,101,1
CBCVarKey256.rsp,102,1
CBCVarKey256.rsp,103,1
CBCVarKey256.rsp,104,1
CBCVarKey256.rsp,105,1
CBCVarKey256.rsp,106,1
CBCVarKey256.rsp,107,1
CBCVarKey256.rsp,108,1
CBCVarKey256.rsp,109,1
CBCVarKey256.rsp,110,1
CBCVarKey256.rsp,111,1
CBCVarKey256.rsp,112,1
CBCVarKey256.rsp,113,1
CBCVarKey256.rsp,114,1
CBCVarKey256.rsp,115,1
CBCVarKey256.rsp,116,1
CBCVarKey256.rsp,117,1
CBCVarKey256.rsp,118,1
CBCVarKey256.rsp,119,1
CBCVarKey256.rsp,120,1
CBCVarKey256.rsp,121,1
CBCVarKey256.rsp,122,1
CBCVarKey256.rsp,123,1
CBCVarKey256.rsp,124,1
CBCVarKey256.rsp,125,1
CBCVarKey256.rsp,126,1
CBCVarKey256.rsp,127,1
CBCVarKey256.rsp,128,1
CBCVarKey256.rsp,129,1
CBCVarKey256.rsp,130,1
CBCVarKey256.rsp,131,1
CBCVarKey256.rsp,132,1
CBCVarKey256.rsp,133,1
CBCVarKey256.rsp,134,1
CBCVarKey256.rsp,135,1
CBCVarKey256.rsp,136,1
CBCVarKey256.rsp,137,1
CBCVarKey256.rsp,138,1
CBCVarKey256.rsp,139,1
CBCVarKey256.rsp,140,1
CBCVarKey256.rsp,141,1
CBCVarKey256.rsp,142,1
CBCVarKey256.rsp,143,1
CBCVarKey256.rsp,144,1
CBCVarKey256.rsp,145,1
CBCVarKey256.rsp,146,1
CBCVarKey256.rsp,147,1
CBCVarKey256.rsp,148,1
CBCVarKey256.rsp,149,1
CBCVarKey256.rsp,150,1
CBCVarKey256.rsp,151,1
CBCVarKey256.rsp,152,1
CBCVarKey256.rsp,153,1
CBCVarKey256.rsp,154,1
CBCVarKey256.rsp,155,1
CBCVarKey256.rsp,156,1
CBCVarKey256.rsp,157,1
CBCVarKey256.rsp,158,1
CBCVarKey256.rsp,159,1
CBCVarKey256.rsp,160,1
CBCVarKey256.rsp,161,1
CBCVarKey256.rsp,162,1
CBCVarKey256.rsp,163,1
CBCVarKey256.rsp,164,1
CBCVarKey256.rsp,165,1
CBCVarKey256.rsp,166,1
CBCVarKey256.rsp,167,1
CBCVarKey256.rsp,168,1
CBCVarKey256.rsp,169,1
CBCVarKey256.rsp,170,1
CBCVarKey256.rsp,171,1
CBCVarKey256.rsp,172,1
CBCVarKey256.rsp,173,1
CBCVarKey256.rsp,174,1
CBCVarKey256.rsp,175,1
CBCVarKey256.rsp,176,1
CBCVarKey256.rsp,177,1
CBCVarKey256.rsp,178,1
CBCVarKey256.rsp,179,1
CBCVarKey256.rsp,180,1
CBCVarKey256.rsp,181,1
CBCVarKey256.rsp,182,1
CBCVarKey256.rsp,183,1
CBCVarKey256.rsp,184,1
CBCVarKey256.rsp,185,1
CBCVarKey256.rsp,186,1
CBCVarKey256.rsp,187,1
CBCVarKey256.rsp,188,1
CBCVarKey256.rsp,189,1
CBCVarKey256.rsp,190,1
CBCVarKey256.rsp,191,1
CBCVarKey256.rsp,192,1
CBCVarKey256.rsp,193,1
CBCVarKey256.rsp,194,1
CBCVarKey256.rsp,195,1
CBCVarKey256.rsp,196,1
CBCVarKey256.rsp,197,1
CBCVarKey256.rsp,198,1
CBCVarKey256.rsp,199,1
CBCVarKey256.rsp,200,1
CBCVarKey256.rsp,201,1
CBCVarKey256.rsp,202,1
CBCVarKey256.rsp,203,1
CBCVarKey256.rsp,204,1
CBCVarKey256.rsp,205,1
CBCVarKey256.rsp,206,1
CBCVarKey256.rsp,207,1
CBCVarKey256.rsp,208,1
CBCVarKey256.rsp,209,1
CBCVarKey256.rsp,210,1
CBCVarKey256.rsp,211,1
CBCVarKey256.rsp,212,1
CBCVarKey256.rsp,213,1
CBCVarKey256.rsp,214,1
CBCVarKey256.rsp,215,1
CBCVarKey256.rsp,216,1
CBCVarKey256.rsp,217,1
CBCVarKey256.rsp,218,1
CBCVarKey256.rsp,219,1
CBCVarKey256.rsp,220,1
CBCVarKey256.rsp,221,1
CBCVarKey256.rsp,222,1
CBCVarKey256.rsp,223,1
CBCVarKey256.rsp,224,1
CBCVarKey256.rsp,225,1
CBCVarKey256.rsp,226,1
CBCVarKey256.rsp,227,1
CBCVarKey256.rsp,228,1
CBCVarKey256.rsp,229,1
CBCVarKey256.rsp,230,1
CBCVarKey256.rsp,231,1
CBCVarKey256.rsp,232,1
CBCVarKey256.rsp,233,1
CBCVarKey256.rsp,234,1
CBCVarKey256.rsp,235,1
CBCVarKey256.rsp,236,1
CBCVarKey256.rsp,237,1
CBCVarKey256.rsp,238,1
CBCVarKey256.rsp,239,1
CBCVarKey256.rsp,240,1
CBCVarKey256.rsp,241,1
CBCVarKey256.rsp,242,1
CBCVarKey256.rsp,243,1
CBCVarKey256.rsp,244,1
CBCVarKey256.rsp,245,1
CBCVarKey256.rsp,246,1
CBCVarKey256.rsp,247,1
CBCVarKey256.rsp,248,1
CBCVarKey256.rsp,249,1
CBCVarKey256.rsp,250,1
CBCVarKey256.rsp,251,1
CBCVarKey256.rsp,252,1
CBCVarKey256.rsp,253,1
CBCVarKey256.rsp,254,1
CBCVarKey256.rsp,255,1
CBCVarTxt128.rsp,0,1
CBCVarTxt128.rsp,1,1
CBCVarTxt128.rsp,2,1
CBCVarTxt128.rsp,3,1
CBCVarTxt128.rsp,4,1
CBCVarTxt128.rsp,5,1
CBCVarTxt128.rsp,6,1
CBCVarTxt128.rsp,7,1
CBCVarTxt128.rsp,8,1
CBCVarTxt128.rsp,9,1
CBCVarTxt128.rsp,10,1
CBCVarTxt128.rsp,11,1
CBCVarTxt128.rsp,12,1
CBCVarTxt128.rsp,13,1
CBCVarTxt128.rsp,14,1
CBCVarTxt128.rsp,15,1
CBCVarTxt128.rsp,16,1
CBCVarTxt128.rsp,17,1
CBCVarTxt128.rsp,18,1
CBCVarTxt128.rsp,19,1
CBCVarTxt128.rsp,20,1
CBCVarTxt128.rsp,21,1
CBCVarTxt128.rsp,22,1
CBCVarTxt128.rsp,23,1
CBCVarTxt128.rsp,24,1
CBCVarTxt128.rsp,25,1
CBCVarTxt128.rsp,26,1
CBCVarTxt128.rsp,27,1
CBCVarTxt128.rsp,28,1
CBCVarTxt128.rsp,29,1
CBCVarTxt128.rsp,30,1
CBCVarTxt128.rsp,31,1
CBCVarTxt128.rsp,32,1
CBCVarTxt128.rsp,33,1
CBCVarTxt128.rsp,34,1
CBCVarTxt128.rsp,35,1
CBCVarTxt128.rsp,36,1
CBCVarTxt128.rsp,37,1
CBCVarTxt128.rsp,38,1
CBCVarTxt128.rsp,39,1
CBCVarTxt128.rsp,40,1
CBCVarTxt128.rsp,41,1
CBCVarTxt128.rsp,42,1
CBCVarTxt128.rsp,43,1
CBCVarTxt128.rsp,44,1
CBCVarTxt128.rsp,45,1
CBCVarTxt128.rsp,46,1
CBCVarTxt128.rsp,47,1
CBCVarTxt128.rsp,48,1
CBCVarTxt128.rsp,49,1
CBCVarTxt128.rsp,50,1
CBCVarTxt128.rsp,51,1
CBCVarTxt128.rsp,52,1
CBCVarTxt128.rsp,53,1
CBCVarTxt128.rsp,54,1
CBCVarTxt128.rsp,55,1
CBCVarTxt128.rsp,56,1
CBCVarTxt128.rsp,57,1
CBCVarTxt128.rsp,58,1
CBCVarTxt128.rsp,59,1
CBCVarTxt128.rsp,60,1
CBCVarTxt128.rsp,61,1
CBCVarTxt128.rsp,62,1
CBCVarTxt128.rsp,63,1
CBCVarTxt128.rsp,64,1
CBCVarTxt128.rsp,65,1
CBCVarTxt128.rsp,66,1
CBCVarTxt128.rsp,67,1
CBCVarTxt128.rsp,68,1
CBCVarTxt128.rsp,69,1
CBCVarTxt128.rsp,70,1
CBCVarTxt128.rsp,71,1
CBCVarTxt128.rsp,72,1
CBCVarTxt128.rsp,73,1
CBCVarTxt128.rsp,74,1
CBCVarTxt128.rsp,75,1
CBCVarTxt128.rsp,76,1
CBCVarTxt128.rsp,77,1
CBCVarTxt128.rsp,78,1
CBCVarTxt128.rsp,79,1
CBCVarTxt128.rsp,80,1
CBCVarTxt128.rsp,81,1
CBCVarTxt128.rsp,82,1
CBCVarTxt128.rsp,83,1
CBCVarTxt128.rsp,84,1
CBCVarTxt128.rsp,85,1
CBCVarTxt128.rsp,86,1
CBCVarTxt128.rsp,87,1
CBCVarTxt128.rsp,88,1
CBCVarTxt128.rsp,89,1
CBCVarTxt128.rsp,90,1
CBCVarTxt128.rsp,91,1
CBCVarTxt128.rsp,92,1
CBCVarTxt128.rsp,93,1
CBCVarTxt128.rsp,94,1
CBCVarTxt128.rsp,95,1
CBCVarTxt128.rsp,96,1
CBCVarTxt128.rsp,97,1
CBCVarTxt128.rsp,98,1
CBCVarTxt128.rsp,99,1
CBCVarTxt128.rsp,100,1
CBCVarTxt128.rsp,101,1
CBCVarTxt128.rsp,102,1
CBCVarTxt128.rsp,103,1
CBCVarTxt128.rsp,104,1
CBCVarTxt128.rsp,105,1
CBCVarTxt128.rsp,106,1
CBCVarTxt128.rsp,107,1
CBCVarTxt128.rsp,108,1
CBCVarTxt128.rsp,109,1
CBCVarTxt128.rsp,110,1
CBCVarTxt128.rsp,111,1
CBCVarTxt128.rsp,112,1
CBCVarTxt128.rsp,113,1
CBCVarTxt128.rsp,114,1
CBCVarTxt128.rsp,115,1
CBCVarTxt128.rsp,116,1
CBCVarTxt128.rsp,117,1
CBCVarTxt128.rsp,118,1
CBCVarTxt128.rsp,119,1
CBCVarTxt128.rsp,120,1
CBCVarTxt128.rsp,121,1
CBCVarTxt128.rsp,122,1
CBCVarTxt128.rsp,123,1
CBCVarTxt128.rsp,124,1
CBCVarTxt128.rsp,125,1
CBCVarTxt128.rsp,126,1
CBCVarTxt128.rsp,127,1
CBCVarTxt128.rsp,0,1
CBCVarTxt128.rsp,1,1
CBCVarTxt128.rsp,2,1
CBCVarTxt128.rsp,3,1
CBCVarTxt128.rsp,4,1
CBCVarTxt128.rsp,5,1
CBCVarTxt128.rsp,6,1
CBCVarTxt128.rsp,7,1
CBCVarTxt128.rsp,8,1
CBCVarTxt128.rsp,9,1
CBCVarTxt128.rsp,10,1
CBCVarTxt128.rsp,11,1
CBCVarTxt128.rsp,12,1
CBCVarTxt128.rsp,13,1
CBCVarTxt128.rsp,14,1
CBCVarTxt128.rsp,15,1
CBCVarTxt128.rsp,16,1
CBCVarTxt128.rsp,17,1
CBCVarTxt128.rsp,18,1
CBCVarTxt128.rsp,19,1
CBCVarTxt128.rsp,20,1
CBCVarTxt128.rsp,21,1
CBCVarTxt128.rsp,22,1
CBCVarTxt128.rsp,23,1
CBCVarTxt128.rsp,24,1
CBCVarTxt128.rsp,25,1
CBCVarTxt128.rsp,26,1
CBCVarTxt128.rsp,27,1
CBCVarTxt128.rsp,28,1
CBCVarTxt128.rsp,29,1
CBCVarTxt128.rsp,30,1
CBCVarTxt128.rsp,31,1
CBCVarTxt128.rsp,32,1
CBCVarTxt128.rsp,33,1
CBCVarTxt128.rsp,34,1
CBCVarTxt128.rsp,35,1
CBCVarTxt128.rsp,36,1
CBCVarTxt128.rsp,37,1
CBCVarTxt128.rsp,38,1
CBCVarTxt128.rsp,39,1
CBCVarTxt128.rsp,40,1
CBCVarTxt128.rsp,41,1
CBCVarTxt128.rsp,42,1
CBCVarTxt128.rsp,43,1
CBCVarTxt128.rsp,44,1
CBCVarTxt128.rsp,45,1
CBCVarTxt128.rsp,46,1
CBCVarTxt128.rsp,47,1
CBCVarTxt128.rsp,48,1
CBCVarTxt128.rsp,49,1
CBCVarTxt128.rsp,50,1
CBCVarTxt128.rsp,51,1
CBCVarTxt128.rsp,52,1
CBCVarTxt128.rsp,53,1
CBCVarTxt128.rsp,54,1
CBCVarTxt128.rsp,55,1
CBCVarTxt128.rsp,56,1
CBCVarTxt128.rsp,57,1
CBCVarTxt128.rsp,58,1
CBCVarTxt128.rsp,59,1
CBCVarTxt128.rsp,60,1
CBCVarTxt128.rsp,61,1
CBCVarTxt128.rsp,62,1
CBCVarTxt128.rsp,63,1
CBCVarTxt128.rsp,64,1
CBCVarTxt128.rsp,65,1
CBCVarTxt128.rsp,66,1
CBCVarTxt128.rsp,67,1
CBCVarTxt128.rsp,68,1
CBCVarTxt128.rsp,69,1
CBCVarTxt128.rsp,70,1
CBCVarTxt128.rsp,71,1
CBCVarTxt128.rsp,72,1
CBCVarTxt128.rsp,73,1
CBCVarTxt128.rsp,74,1
CBCVarTxt128.rsp,75,1
CBCVarTxt128.rsp,76,1
CBCVarTxt128.rsp,77,1
CBCVarTxt128.rsp,78,1
CBCVarTxt128.rsp,79,1
CBCVarTxt128.rsp,80,1
CBCVarTxt128.rsp,81,1
CBCVarTxt128.rsp,82,1
CBCVarTxt128.rsp,83,1
CBCVarTxt128.rsp,84,1
CBCVarTxt128.rsp,85,1
CBCVarTxt128.rsp,86,1
CBCVarTxt128.rsp,87,1
CBCVarTxt128.rsp,88,1
CBCVarTxt128.rsp,89,1
CBCVarTxt128.rsp,90,1
CBCVarTxt128.rsp,91,1
CBCVarTxt128.rsp,92,1
CBCVarTxt128.rsp,93,1
CBCVarTxt128.rsp,94,1
CBCVarTxt128.rsp,95,1
CBCVarTxt128.rsp,96,1
CBCVarTxt128.rsp,97,1
CBCVarTxt128.rsp,98,1
CBCVarTxt128.rsp,99,1
CBCVarTxt128.rsp,100,1
CBCVarTxt128.rsp,101,1
CBCVarTxt128.rsp,102,1
CBCVarTxt128.rsp,103,1
CBCVarTxt128.rsp,104,1
CBCVarTxt128.rsp,105,1
CBCVarTxt128.rsp,106,1
CBCVarTxt128.rsp,107,1
CBCVarTxt128.rsp,108,1
CBCVarTxt128.rsp,109,1
CBCVarTxt128.rsp,110,1
CBCVarTxt128.rsp,111,1
CBCVarTxt128.rsp,112,1
CBCVarTxt128.rsp,113,1
CBCVarTxt128.rsp,114,1
CBCVarTxt128.rsp,115,1
CBCVarTxt128.rsp,116,1
CBCVarTxt128.rsp,117,1
CBCVarTxt128.rsp,118,1
CBCVarTxt128.rsp,119,1
CBCVarTxt128.rsp,120,1
CBCVarTxt128.rsp,121,1
CBCVarTxt128.rsp,122,1
CBCVarTxt128.rsp,123,1
CBCVarTxt128.rsp,124,1
CBCVarTxt128.rsp,125,1
CBCVarTxt128.rsp,126,1
CBCVarTxt128.rsp,127,1
CBCVarTxt192.rsp,0,1
CBCVarTxt192.rsp,1,1
CBCVarTxt192.rsp,2,1
CBCVarTxt192.rsp,3,1
CBCVarTxt192.rsp,4,1
CBCVarTxt192.rsp,5,1
CBCVarTxt192.rsp,6,1
CBCVarTxt192.rsp,7,1
CBCVarTxt192.rsp,8,1
CBCVarTxt192.rsp,9,1
CBCVarTxt192.rsp,10,1
CBCVarTxt192.rsp,11,1
CBCVarTxt192.rsp,12,1
CBCVarTxt192.rsp,13,1
CBCVarTxt192.rsp,14,1
CBCVarTxt192.rsp,15,1
CBCVarTxt192.rsp,16,1
CBCVarTxt192.rsp,17,1
CBCVarTxt192.rsp,18,1
CBCVarTxt192.rsp,19,1
CBCVarTxt192.rsp,20,1
CBCVarTxt192.rsp,21,1
CBCVarTxt192.rsp,22,1
CBCVarTxt192.rsp,23,1
CBCVarTxt192.rsp,24,1
CBCVarTxt192.rsp,25,1
CBCVarTxt192.rsp,26,1
CBCVarTxt192.rsp,27,1
CBCVarTxt192.rsp,28,1
CBCVarTxt192.rsp,29,1
CBCVarTxt192.rsp,30,1
CBCVarTxt192.rsp,31,1
CBCVarTxt192.rsp,32,1
CBCVarTxt192.rsp,33,1
CBCVarTxt192.rsp,34,1
CBCVarTxt192.rsp,35,1
CBCVarTxt192.rsp,36,1
CBCVarTxt192.rsp,37,1
CBCVarTxt192.rsp,38,1
CBCVarTxt192.rsp,39,1
CBCVarTxt192.rsp,40,1
CBCVarTxt192.rsp,41,1
CBCVarTxt192.rsp,42,1
CBCVarTxt192.rsp,43,1
CBCVarTxt192.rsp,44,1
CBCVarTxt192.rsp,45,1
CBCVarTxt192.rsp,46,1
CBCVarTxt192.rsp,47,1
CBCVarTxt192.rsp,48,1
CBCVarTxt192.rsp,49,1
CBCVarTxt192.rsp,50,1
CBCVarTxt192.rsp,51,1
CBCVarTxt192.rsp,52,1
CBCVarTxt192.rsp,53,1
CBCVarTxt192.rsp,54,1
CBCVarTxt192.rsp,55,1
CBCVarTxt192.rsp,56,1
CBCVarTxt192.rsp,57,1
CBCVarTxt192.rsp,58,1
CBCVarTxt192.rsp,59,1
CBCVarTxt192.rsp,60,1
CBCVarTxt192.rsp,61,1
CBCVarTxt192.rsp,62,1
CBCVarTxt192.rsp,63,1
CBCVarTxt192.rsp,64,1
CBCVarTxt192.rsp,65,1
CBCVarTxt192.rsp,66,1
CBCVarTxt192.rsp,67,1
CBCVarTxt192.rsp,68,1
CBCVarTxt192.rsp,69,1
CBCVarTxt192.rsp,70,1
CBCVarTxt192.rsp,71,1
CBCVarTxt192.rsp,72,1
CBCVarTxt192.rsp,73,1
CBCVarTxt192.rsp,74,1
CBCVarTxt192.rsp,75,1
CBCVarTxt192.rsp,76,1
CBCVarTxt192.rsp,77,1
CBCVarTxt192.rsp,78,1
CBCVarTxt192.rsp,79,1
CBCVarTxt192.rsp,80,1
CBCVarTxt192.rsp,81,1
CBCVarTxt192.rsp,82,1
CBCVarTxt192.rsp,83,1
CBCVarTxt192.rsp,84,1
CBCVarTxt192.rsp,85,1
CBCVarTxt192.rsp,86,1
CBCVarTxt192.rsp,87,1
CBCVarTxt192.rsp,88,1
CBCVarTxt192.rsp,89,1
CBCVarTxt192.rsp,90,1
CBCVarTxt192.rsp,91,1
CBCVarTxt192.rsp,92,1
CBCVarTxt192.rsp,93,1
CBCVarTxt192.rsp,94,1
CBCVarTxt192.rsp,95,1
CBCVarTxt192.rsp,96,1
CBCVarTxt192.rsp,97,1
CBCVarTxt192.rsp,98,1
CBCVarTxt192.rsp,99,1
CBCVarTxt192.rsp,100,1
CBCVarTxt192.rsp,101,1
CBCVarTxt192.rsp,102,1
CBCVarTxt192.rsp,103,1
CBCVarTxt192.rsp,104,1
CBCVarTxt192.rsp,105,1
CBCVarTxt192.rsp,106,1
CBCVarTxt192.rsp,107,1
CBCVarTxt192.rsp,108,1
CBCVarTxt192.rsp,109,1
CBCVarTxt192.rsp,110,1
CBCVarTxt192.rsp,111,1
CBCVarTxt192.rsp,112,1
CBCVarTxt192.rsp,113,1
CBCVarTxt192.rsp,114,1
CBCVarTxt192.rsp,115,1
CBCVarTxt192.rsp,116,1
CBCVarTxt192.rsp,117,1
CBCVarTxt192.rsp,118,1
CBCVarTxt192.rsp,119,1
CBCVarTxt192.rsp,120,1
CBCVarTxt192.rsp,121,1
CBCVarTxt192.rsp,122,1
CBCVarTxt192.rsp,123,1
CBCVarTxt192.rsp,124,1
CBCVarTxt192.rsp,125,1
CBCVarTxt192.rsp,126,1
CBCVarTxt192.rsp,127,1
CBCVarTxt192.rsp,0,1
CBCVarTxt192.rsp,1,1
CBCVarTxt192.rsp,2,1
CBCVarTxt192.rsp,3,1
CBCVarTxt192.rsp,4,1
CBCVarTxt192.rsp,5,1
CBCVarTxt192.rsp,6,1
CBCVarTxt192.rsp,7,1
CBCVarTxt192.rsp,8,1
CBCVarTxt192.rsp,9,1
CBCVarTxt192.rsp,10,1
CBCVarTxt192.rsp,11,1
CBCVarTxt192.rsp,12,1
CBCVarTxt192.rsp,13,1
CBCVarTxt192.rsp,14,1
CBCVarTxt192.rsp,15,1
CBCVarTxt192.rsp,16,1
CBCVarTxt192.rsp,17,1
CBCVarTxt192.rsp,18,1
CBCVarTxt192.rsp,19,1
CBCVarTxt192.rsp,20,1
CBCVarTxt192.rsp,21,1
CBCVarTxt192.rsp,22,1
CBCVarTxt192.rsp,23,1
CBCVarTxt192.rsp,24,1
CBCVarTxt192.rsp,25,1
CBCVarTxt192.rsp,26,1
CBCVarTxt192.rsp,27,1
CBCVarTxt192.rsp,28,1
CBCVarTxt192.rsp,29,1
CBCVarTxt192.rsp,30,1
CBCVarTxt192.rsp,31,1
CBCVarTxt192.rsp,32,1
CBCVarTxt192.rsp,33,1
CBCVarTxt192.rsp,34,1
CBCVarTxt192.rsp,35,1
CBCVarTxt192.rsp,36,1
CBCVarTxt192.rsp,37,1
CBCVarTxt192.rsp,38,1
CBCVarTxt192.rsp,39,1
CBCVarTxt192.rsp,40,1
CBCVarTxt192.rsp,41,1
CBCVarTxt192.rsp,42,1
CBCVarTxt192.rsp,43,1
CBCVarTxt192.rsp,44,1
CBCVarTxt192.rsp,45,1
CBCVarTxt192.rsp,46,1
CBCVarTxt192.rsp,47,1
CBCVarTxt192.rsp,48,1
CBCVarTxt192.rsp,49,1
CBCVarTxt192.rsp,50,1
CBCVarTxt192.rsp,51,1
CBCVarTxt192.rsp,52,1
CBCVarTxt192.rsp,53,1
CBCVarTxt192.rsp,54,1
CBCVarTxt192.rsp,55,1
CBCVarTxt192.rsp,56,1
CBCVarTxt192.rsp,57,1
CBCVarTxt192.rsp,58,1
CBCVarTxt192.rsp,59,1
CBCVarTxt192.rsp,60,1
CBCVarTxt192.rsp,61,1
CBCVarTxt192.rsp,62,1
CBCVarTxt192.rsp,63,1
CBCVarTxt192.rsp,64,1
CBCVarTxt192.rsp,65,1
CBCVarTxt192.rsp,66,1
CBCVarTxt192.rsp,67,1
CBCVarTxt192.rsp,68,1
CBCVarTxt192.rsp,69,1
CBCVarTxt192.rsp,70,1
CBCVarTxt192.rsp,71,1
CBCVarTxt192.rsp,72,1
CBCVarTxt192.rsp,73,1
CBCVarTxt192.rsp,74,1
CBCVarTxt192.rsp,75,1
CBCVarTxt192.rsp,76,1
CBCVarTxt192.rsp,77,1
CBCVarTxt192.rsp,78,1
CBCVarTxt192.rsp,79,1
CBCVarTxt192.rsp,80,1
CBCVarTxt192.rsp,81,1
CBCVarTxt192.rsp,82,1
CBCVarTxt192.rsp,83,1
CBCVarTxt192.rsp,84,1
CBCVarTxt192.rsp,85,1
CBCVarTxt192.rsp,86,1
CBCVarTxt192.rsp,87,1
CBCVarTxt192.rsp,88,1
CBCVarTxt192.rsp,89,1
CBCVarTxt192.rsp,90,1
CBCVarTxt192.rsp,91,1
CBCVarTxt192.rsp,92,1
CBCVarTxt192.rsp,93,1
CBCVarTxt192.rsp,94,1
CBCVarTxt192.rsp,95,1
CBCVarTxt192.rsp,96,1
CBCVarTxt192.rsp,97,1
CBCVarTxt192.rsp,98,1
CBCVarTxt192.rsp,99,1
CBCVarTxt192.rsp,100,1
CBCVarTxt192.rsp,101,1
CBCVarTxt192.rsp,102,1
CBCVarTxt192.rsp,103,1
CBCVarTxt192.rsp,104,1
CBCVarTxt192.rsp,105,1
CBCVarTxt192.rsp,106,1
CBCVarTxt192.rsp,107,1
CBCVarTxt192.rsp,108,1
CBCVarTxt192.rsp,109,1
CBCVarTxt192.rsp,110,1
CBCVarTxt192.rsp,111,1
CBCVarTxt192.rsp,112,1
CBCVarTxt192.rsp,113,1
CBCVarTxt192.rsp,114,1
CBCVarTxt192.rsp,115,1
CBCVarTxt192.rsp,116,1
CBCVarTxt192.rsp,117,1
CBCVarTxt192.rsp,118,1
CBCVarTxt192.rsp,119,1
CBCVarTxt192.rsp,120,1
CBCVarTxt192.rsp,121,1
CBCVarTxt192.rsp,122,1
CBCVarTxt192.rsp,123,1
CBCVarTxt192.rsp,124,1
CBCVarTxt192.rsp,125,1
CBCVarTxt192.rsp,126,1
CBCVarTxt192.rsp,127,1
CBCVarTxt256.rsp,0,1
CBCVarTxt256.rsp,1,1
CBCVarTxt256.rsp,2,1
CBCVarTxt256.rsp,3,1
CBCVarTxt256.rsp,4,1
CBCVarTxt256.rsp,5,1
CBCVarTxt256.rsp,6,1
CBCVarTxt256.rsp,7,1
CBCVarTxt256.rsp,8,1
CBCVarTxt256.rsp,9,1
CBCVarTxt256.rsp,10,1
CBCVarTxt256.rsp,11,1
CBCVarTxt256.rsp,12,1
CBCVarTxt256.rsp,13,1
CBCVarTxt256.rsp,14,1
CBCVarTxt256.rsp,15,1
CBCVarTxt256.rsp,16,1
CBCVarTxt256.rsp,17,1
CBCVarTxt256.rsp,18,1
CBCVarTxt256.rsp,19,1
CBCVarTxt256.rsp,20,1
CBCVarTxt256.rsp,21,1
CBCVarTxt256.rsp,22,1
CBCVarTxt256.rsp,23,1
CBCVarTxt256.rsp,24,1
CBCVarTxt256.rsp,25,1
CBCVarTxt256.rsp,26,1
CBCVarTxt256.rsp,27,1
CBCVarTxt256.rsp,28,1
CBCVarTxt256.rsp,29,1
CBCVarTxt256.rsp,30,1
CBCVarTxt256.rsp,31,1
CBCVarTxt256.rsp,32,1
CBCVarTxt256.rsp,33,1
CBCVarTxt256.rsp,34,1
CBCVarTxt256.rsp,35,1
CBCVarTxt256.rsp,36,1
CBCVarTxt256.rsp,37,1
CBCVarTxt256.rsp,38,1
CBCVarTxt256.rsp,39,1
CBCVarTxt256.rsp,40,1
CBCVarTxt256.rsp,41,1
CBCVarTxt256.rsp,42,1
CBCVarTxt256.rsp,43,1
CBCVarTxt256.rsp,44,1
CBCVarTxt256.rsp,45,1
CBCVarTxt256.rsp,46,1
CBCVarTxt256.rsp,47,1
CBCVarTxt256.rsp,48,1
CBCVarTxt256.rsp,49,1
CBCVarTxt256.rsp,50,1
CBCVarTxt256.rsp,51,1
CBCVarTxt256.rsp,52,1
CBCVarTxt256.rsp,53,1
CBCVarTxt256.rsp,54,1
CBCVarTxt256.rsp,55,1
CBCVarTxt256.rsp,56,1
CBCVarTxt256.rsp,57,1
CBCVarTxt256.rsp,58,1
CBCVarTxt256.rsp,59,1
CBCVarTxt256.rsp,60,1
CBCVarTxt256.rsp,61,1
CBCVarTxt256.rsp,62,1
CBCVarTxt256.rsp,63,1
CBCVarTxt256.rsp,64,1
CBCVarTxt256.rsp,65,1
CBCVarTxt256.rsp,66,1
CBCVarTxt256.rsp,67,1
CBCVarTxt256.rsp,68,1
CBCVarTxt256.rsp,69,1
CBCVarTxt256.rsp,70,1
CBCVarTxt256.rsp,71,1
CBCVarTxt256.rsp,72,1
CBCVarTxt256.rsp,73,1
CBCVarTxt256.rsp,74,1
CBCVarTxt256.rsp,75,1
CBCVarTxt256.rsp,76,1
CBCVarTxt256.rsp,77,1
CBCVarTxt256.rsp,78,1
CBCVarTxt256.rsp,79,1
CBCVarTxt256.rsp,80,1
CBCVarTxt256.rsp,81,1
CBCVarTxt256.rsp,82,1
CBCVarTxt256.rsp,83,1
CBCVarTxt256.rsp,84,1
CBCVarTxt256.rsp,85,1
CBCVarTxt256.rsp,86,1
CBCVarTxt256.rsp,87,1
CBCVarTxt256.rsp,88,1
CBCVarTxt256.rsp,89,1
CBCVarTxt256.rsp,90,1
CBCVarTxt256.rsp,91,1
CBCVarTxt256.rsp,92,1
CBCVarTxt256.rsp,93,1
CBCVarTxt256.rsp,94,1
CBCVarTxt256.rsp,95,1
CBCVarTxt256.rsp,96,1
CBCVarTxt256.rsp,97,1
CBCVarTxt256.rsp,98,1
CBCVarTxt256.rsp,99,1
CBCVarTxt256.rsp,100,1
CBCVarTxt256.rsp,101,1
CBCVarTxt256.rsp,102,1
CBCVarTxt256.rsp,103,1
CBCVarTxt256.rsp,104,1
CBCVarTxt256.rsp,105,1
CBCVarTxt256.rsp,106,1
CBCVarTxt256.rsp,107,1
CBCVarTxt256.rsp,108,1
CBCVarTxt256.rsp,109,1
CBCVarTxt256.rsp,110,1
CBCVarTxt256.rsp,111,1
CBCVarTxt256.rsp,112,1
CBCVarTxt256.rsp,113,1
CBCVarTxt256.rsp,114,1
CBCVarTxt256.rsp,115,1
CBCVarTxt256.rsp,116,1
CBCVarTxt256.rsp,117,1
CBCVarTxt256.rsp,118,1
CBCVarTxt256.rsp,119,1
CBCVarTxt256.rsp,120,1
CBCVarTxt256.rsp,121,1
CBCVarTxt256.rsp,122,1
CBCVarTxt256.rsp,123,1
CBCVarTxt256.rsp,124,1
CBCVarTxt256.rsp,125,1
CBCVarTxt256.rsp,126,1
CBCVarTxt256.rsp,127,1
CBCVarTxt256.rsp,0,1
CBCVarTxt256.rsp,1,1
CBCVarTxt256.rsp,2,1
CBCVarTxt256.rsp,3,1
CBCVarTxt256.rsp,4,1
CBCVarTxt256.rsp,5,1
CBCVarTxt256.rsp,6,1
CBCVarTxt256.rsp,7,1
CBCVarTxt256.rsp,8,1
CBCVarTxt256.rsp,9,1
CBCVarTxt256.rsp,10,1
CBCVarTxt256.rsp,11,1
CBCVarTxt256.rsp,12,1
CBCVarTxt256.rsp,13,1
CBCVarTxt256.rsp,14,1
CBCVarTxt256.rsp,15,1
CBCVarTxt256.rsp,16,1
CBCVarTxt256.rsp,17,1
CBCVarTxt256.rsp,18,1
CBCVarTxt256.rsp,19,1
CBCVarTxt256.rsp,20,1
CBCVarTxt256.rsp,21,1
CBCVarTxt256.rsp,22,1
CBCVarTxt256.rsp,23,1
CBCVarTxt256.rsp,24,1
CBCVarTxt256.rsp,25,1
CBCVarTxt256.rsp,26,1
CBCVarTxt256.rsp,27,1
CBCVarTxt256.rsp,28,1
CBCVarTxt256.rsp,29,1
CBCVarTxt256.rsp,30,1
CBCVarTxt256.rsp,31,1
CBCVarTxt256.rsp,32,1
CBCVarTxt256.rsp,33,1
CBCVarTxt256.rsp,34,1
CBCVarTxt256.rsp,35,1
CBCVarTxt256.rsp,36,1
CBCVarTxt256.rsp,37,1
CBCVarTxt256.rsp,38,1
CBCVarTxt256.rsp,39,1
CBCVarTxt256.rsp,40,1
CBCVarTxt256.rsp,41,1
CBCVarTxt256.rsp,42,1
CBCVarTxt256.rsp,43,1
CBCVarTxt256.rsp,44,1
CBCVarTxt256.rsp,45,1
CBCVarTxt256.rsp,46,1
CBCVarTxt256.rsp,47,1
CBCVarTxt256.rsp,48,1
CBCVarTxt256.rsp,49,1
CBCVarTxt256.rsp,50,1
CBCVarTxt256.rsp,51,1
CBCVarTxt256.rsp,52,1
CBCVarTxt256.rsp,53,1
CBCVarTxt256.rsp,54,1
CBCVarTxt256.rsp,55,1
CBCVarTxt256.rsp,56,1
CBCVarTxt256.rsp,57,1
CBCVarTxt256.rsp,58,1
CBCVarTxt256.rsp,59,1
CBCVarTxt256.rsp,60,1
CBCVarTxt256.rsp,61,1
CBCVarTxt256.rsp,62,1
CBCVarTxt256.rsp,63,1
CBCVarTxt256.rsp,64,1
CBCVarTxt256.rsp,65,1
CBCVarTxt256.rsp,66,1
CBCVarTxt256.rsp,67,1
CBCVarTxt256.rsp,68,1
CBCVarTxt256.rsp,69,1
CBCVarTxt256.rsp,70,1
CBCVarTxt256.rsp,71,1
CBCVarTxt256.rsp,72,1
CBCVarTxt256.rsp,73,1
CBCVarTxt256.rsp,74,1
CBCVarTxt256.rsp,75,1
CBCVarTxt256.rsp,76,1
CBCVarTxt256.rsp,77,1
CBCVarTxt256.rsp,78,1
CBCVarTxt256.rsp,79,1
CBCVarTxt256.rsp,80,1
CBCVarTxt256.rsp,81,1
CBCVarTxt256.rsp,82,1
CBCVarTxt256.rsp,83,1
CBCVarTxt256.rsp,84,1
CBCVarTxt256.rsp,85,1
CBCVarTxt256.rsp,86,1
CBCVarTxt256.rsp,87,1
CBCVarTxt256.rsp,88,1
CBCVarTxt256.rsp,89,1
CBCVarTxt256.rsp,90,1
CBCVarTxt256.rsp,91,1
CBCVarTxt256.rsp,92,1
CBCVarTxt256.rsp,93,1
CBCVarTxt256.rsp,94,1
CBCVarTxt256.rsp,95,1
CBCVarTxt256.rsp,96,1
CBCVarTxt256.rsp,97,1
CBCVarTxt256.rsp,98,1
CBCVarTxt256.rsp,99,1
CBCVarTxt256.rsp,100,1
CBCVarTxt256.rsp,101,1
CBCVarTxt256.rsp,102,1
CBCVarTxt256.rsp,103,1
CBCVarTxt256.rsp,104,1
CBCVarTxt256.rsp,105,1
CBCVarTxt256.rsp,106,1
CBCVarTxt256.rsp,107,1
CBCVarTxt256.rsp,108,1
CBCVarTxt256.rsp,109,1
CBCVarTxt256.rsp,110,1
CBCVarTxt256.rsp,111,1
CBCVarTxt256.rsp,112,1
CBCVarTxt256.rsp,113,1
CBCVarTxt256.rsp,114,1
CBCVarTxt256.rsp,115,1
CBCVarTxt256.rsp,116,1
CBCVarTxt256.rsp,117,1
CBCVarTxt256.rsp,118,1
CBCVarTxt256.rsp,119,1
CBCVarTxt256.rsp,120,1
CBCVarTxt256.rsp,121,1
CBCVarTxt256.rsp,122,1
CBCVarTxt256.rsp,123,1
CBCVarTxt256.rsp,124,1
CBCVarTxt256.rsp,125,1
CBCVarTxt256.rsp,126,1
CBCVarTxt256.rsp,127,1
